"External ID","Convention","Prime unitaire","Source Energie Chauffage","Sujet Devis","Type Client","Zone Habitation"
"__export__.groupe_cayla_tarif_prime_cee_1_555cc612","__export__.groupe_cayla_convention_4_9a0d840f","10.0","","__export__.groupe_cayla_sujet_devis_1_b9ef33ca","__export__.groupe_cayla_type_client_1_d8dfc72a","__export__.groupe_cayla_zone_habitation_1_2c5c6c03"
"__export__.groupe_cayla_tarif_prime_cee_6_7464466e","__export__.groupe_cayla_convention_4_9a0d840f","14.4","__export__.groupe_cayla_source_energie_chauffage_1_9dd2a051","__export__.groupe_cayla_sujet_devis_2_b6baaf31","__export__.groupe_cayla_type_client_1_d8dfc72a","__export__.groupe_cayla_zone_habitation_1_2c5c6c03"
"__export__.groupe_cayla_tarif_prime_cee_7_4c749fd3","__export__.groupe_cayla_convention_4_9a0d840f","22.8","__export__.groupe_cayla_source_energie_chauffage_2_5736d7a2","__export__.groupe_cayla_sujet_devis_2_b6baaf31","__export__.groupe_cayla_type_client_1_d8dfc72a","__export__.groupe_cayla_zone_habitation_1_2c5c6c03"
"__export__.groupe_cayla_tarif_prime_cee_8_4fa1cea8","__export__.groupe_cayla_convention_4_9a0d840f","10.0","","__export__.groupe_cayla_sujet_devis_3_3c2a4242","__export__.groupe_cayla_type_client_1_d8dfc72a","__export__.groupe_cayla_zone_habitation_1_2c5c6c03"
"__export__.groupe_cayla_tarif_prime_cee_9_bae8fcef","__export__.groupe_cayla_convention_4_9a0d840f","17.4","__export__.groupe_cayla_source_energie_chauffage_1_9dd2a051","__export__.groupe_cayla_sujet_devis_5_95567fbb","__export__.groupe_cayla_type_client_1_d8dfc72a","__export__.groupe_cayla_zone_habitation_1_2c5c6c03"
"__export__.groupe_cayla_tarif_prime_cee_10_e876cd4c","__export__.groupe_cayla_convention_4_9a0d840f","27.6","__export__.groupe_cayla_source_energie_chauffage_2_5736d7a2","__export__.groupe_cayla_sujet_devis_5_95567fbb","__export__.groupe_cayla_type_client_1_d8dfc72a","__export__.groupe_cayla_zone_habitation_1_2c5c6c03"
"__export__.groupe_cayla_tarif_prime_cee_11_0e82dd86","__export__.groupe_cayla_convention_4_9a0d840f","9.0","","__export__.groupe_cayla_sujet_devis_1_b9ef33ca","__export__.groupe_cayla_type_client_1_d8dfc72a","__export__.groupe_cayla_zone_habitation_2_0712dfc1"
"__export__.groupe_cayla_tarif_prime_cee_12_86b29ca6","__export__.groupe_cayla_convention_4_9a0d840f","12.0","__export__.groupe_cayla_source_energie_chauffage_1_9dd2a051","__export__.groupe_cayla_sujet_devis_2_b6baaf31","__export__.groupe_cayla_type_client_1_d8dfc72a","__export__.groupe_cayla_zone_habitation_2_0712dfc1"
"__export__.groupe_cayla_tarif_prime_cee_13_324381b2","__export__.groupe_cayla_convention_4_9a0d840f","18.6","__export__.groupe_cayla_source_energie_chauffage_2_5736d7a2","__export__.groupe_cayla_sujet_devis_2_b6baaf31","__export__.groupe_cayla_type_client_1_d8dfc72a","__export__.groupe_cayla_zone_habitation_2_0712dfc1"
"__export__.groupe_cayla_tarif_prime_cee_14_c30881db","__export__.groupe_cayla_convention_4_9a0d840f","9.0","","__export__.groupe_cayla_sujet_devis_3_3c2a4242","__export__.groupe_cayla_type_client_1_d8dfc72a","__export__.groupe_cayla_zone_habitation_2_0712dfc1"
"__export__.groupe_cayla_tarif_prime_cee_15_5d345141","__export__.groupe_cayla_convention_4_9a0d840f","14.4","__export__.groupe_cayla_source_energie_chauffage_1_9dd2a051","__export__.groupe_cayla_sujet_devis_5_95567fbb","__export__.groupe_cayla_type_client_1_d8dfc72a","__export__.groupe_cayla_zone_habitation_2_0712dfc1"
"__export__.groupe_cayla_tarif_prime_cee_17_6b2321e3","__export__.groupe_cayla_convention_4_9a0d840f","22.8","__export__.groupe_cayla_source_energie_chauffage_2_5736d7a2","__export__.groupe_cayla_sujet_devis_5_95567fbb","__export__.groupe_cayla_type_client_1_d8dfc72a","__export__.groupe_cayla_zone_habitation_2_0712dfc1"
"__export__.groupe_cayla_tarif_prime_cee_18_4acf619a","__export__.groupe_cayla_convention_4_9a0d840f","20.0","","__export__.groupe_cayla_sujet_devis_1_b9ef33ca","__export__.groupe_cayla_type_client_3_abb891b2","__export__.groupe_cayla_zone_habitation_1_2c5c6c03"
"__export__.groupe_cayla_tarif_prime_cee_19_5598b84e","__export__.groupe_cayla_convention_4_9a0d840f","28.8","__export__.groupe_cayla_source_energie_chauffage_1_9dd2a051","__export__.groupe_cayla_sujet_devis_2_b6baaf31","__export__.groupe_cayla_type_client_3_abb891b2","__export__.groupe_cayla_zone_habitation_1_2c5c6c03"
"__export__.groupe_cayla_tarif_prime_cee_20_789925bf","__export__.groupe_cayla_convention_4_9a0d840f","45.6","__export__.groupe_cayla_source_energie_chauffage_2_5736d7a2","__export__.groupe_cayla_sujet_devis_2_b6baaf31","__export__.groupe_cayla_type_client_3_abb891b2","__export__.groupe_cayla_zone_habitation_1_2c5c6c03"
"__export__.groupe_cayla_tarif_prime_cee_21_459a1ec2","__export__.groupe_cayla_convention_4_9a0d840f","20.0","","__export__.groupe_cayla_sujet_devis_3_3c2a4242","__export__.groupe_cayla_type_client_3_abb891b2","__export__.groupe_cayla_zone_habitation_1_2c5c6c03"
"__export__.groupe_cayla_tarif_prime_cee_22_511ad9a4","__export__.groupe_cayla_convention_4_9a0d840f","28.8","__export__.groupe_cayla_source_energie_chauffage_1_9dd2a051","__export__.groupe_cayla_sujet_devis_5_95567fbb","__export__.groupe_cayla_type_client_3_abb891b2","__export__.groupe_cayla_zone_habitation_1_2c5c6c03"
"__export__.groupe_cayla_tarif_prime_cee_23_ac45bed9","__export__.groupe_cayla_convention_4_9a0d840f","45.6","__export__.groupe_cayla_source_energie_chauffage_2_5736d7a2","__export__.groupe_cayla_sujet_devis_5_95567fbb","__export__.groupe_cayla_type_client_3_abb891b2","__export__.groupe_cayla_zone_habitation_1_2c5c6c03"
"__export__.groupe_cayla_tarif_prime_cee_24_3b91fd12","__export__.groupe_cayla_convention_4_9a0d840f","18.0","","__export__.groupe_cayla_sujet_devis_1_b9ef33ca","__export__.groupe_cayla_type_client_3_abb891b2","__export__.groupe_cayla_zone_habitation_2_0712dfc1"
"__export__.groupe_cayla_tarif_prime_cee_25_9673bdac","__export__.groupe_cayla_convention_4_9a0d840f","24.0","__export__.groupe_cayla_source_energie_chauffage_1_9dd2a051","__export__.groupe_cayla_sujet_devis_2_b6baaf31","__export__.groupe_cayla_type_client_3_abb891b2","__export__.groupe_cayla_zone_habitation_2_0712dfc1"
"__export__.groupe_cayla_tarif_prime_cee_26_5c0d1a55","__export__.groupe_cayla_convention_4_9a0d840f","37.2","__export__.groupe_cayla_source_energie_chauffage_2_5736d7a2","__export__.groupe_cayla_sujet_devis_2_b6baaf31","__export__.groupe_cayla_type_client_3_abb891b2","__export__.groupe_cayla_zone_habitation_2_0712dfc1"
"__export__.groupe_cayla_tarif_prime_cee_27_2c4202db","__export__.groupe_cayla_convention_4_9a0d840f","18.0","","__export__.groupe_cayla_sujet_devis_3_3c2a4242","__export__.groupe_cayla_type_client_3_abb891b2","__export__.groupe_cayla_zone_habitation_2_0712dfc1"
"__export__.groupe_cayla_tarif_prime_cee_28_67c41192","__export__.groupe_cayla_convention_4_9a0d840f","24.0","__export__.groupe_cayla_source_energie_chauffage_1_9dd2a051","__export__.groupe_cayla_sujet_devis_5_95567fbb","__export__.groupe_cayla_type_client_3_abb891b2","__export__.groupe_cayla_zone_habitation_2_0712dfc1"
"__export__.groupe_cayla_tarif_prime_cee_29_1f6c4007","__export__.groupe_cayla_convention_4_9a0d840f","37.2","__export__.groupe_cayla_source_energie_chauffage_2_5736d7a2","__export__.groupe_cayla_sujet_devis_5_95567fbb","__export__.groupe_cayla_type_client_3_abb891b2","__export__.groupe_cayla_zone_habitation_2_0712dfc1"
"__export__.groupe_cayla_tarif_prime_cee_30_90a4ec0b","__export__.groupe_cayla_convention_1_d9f5e784","5.95","","__export__.groupe_cayla_sujet_devis_1_b9ef33ca","__export__.groupe_cayla_type_client_1_d8dfc72a","__export__.groupe_cayla_zone_habitation_1_2c5c6c03"
"__export__.groupe_cayla_tarif_prime_cee_31_aaa87a9f","__export__.groupe_cayla_convention_1_d9f5e784","4.9","","__export__.groupe_cayla_sujet_devis_1_b9ef33ca","__export__.groupe_cayla_type_client_1_d8dfc72a","__export__.groupe_cayla_zone_habitation_2_0712dfc1"
"__export__.groupe_cayla_tarif_prime_cee_32_4328a9f8","__export__.groupe_cayla_convention_1_d9f5e784","5.95","","__export__.groupe_cayla_sujet_devis_3_3c2a4242","__export__.groupe_cayla_type_client_1_d8dfc72a","__export__.groupe_cayla_zone_habitation_1_2c5c6c03"
"__export__.groupe_cayla_tarif_prime_cee_33_05e9200b","__export__.groupe_cayla_convention_1_d9f5e784","4.9","","__export__.groupe_cayla_sujet_devis_3_3c2a4242","__export__.groupe_cayla_type_client_1_d8dfc72a","__export__.groupe_cayla_zone_habitation_2_0712dfc1"
"__export__.groupe_cayla_tarif_prime_cee_34_09f47309","__export__.groupe_cayla_convention_1_d9f5e784","6.8","","__export__.groupe_cayla_sujet_devis_1_b9ef33ca","__export__.groupe_cayla_type_client_2_040f0ba8","__export__.groupe_cayla_zone_habitation_1_2c5c6c03"
"__export__.groupe_cayla_tarif_prime_cee_35_2513e29e","__export__.groupe_cayla_convention_1_d9f5e784","5.6","","__export__.groupe_cayla_sujet_devis_1_b9ef33ca","__export__.groupe_cayla_type_client_2_040f0ba8","__export__.groupe_cayla_zone_habitation_2_0712dfc1"
"__export__.groupe_cayla_tarif_prime_cee_36_a270301b","__export__.groupe_cayla_convention_1_d9f5e784","6.8","","__export__.groupe_cayla_sujet_devis_3_3c2a4242","__export__.groupe_cayla_type_client_2_040f0ba8","__export__.groupe_cayla_zone_habitation_1_2c5c6c03"
"__export__.groupe_cayla_tarif_prime_cee_37_5c3dcd57","__export__.groupe_cayla_convention_1_d9f5e784","5.6","","__export__.groupe_cayla_sujet_devis_3_3c2a4242","__export__.groupe_cayla_type_client_2_040f0ba8","__export__.groupe_cayla_zone_habitation_2_0712dfc1"
"__export__.groupe_cayla_tarif_prime_cee_38_c771a99c","__export__.groupe_cayla_convention_1_d9f5e784","13.6","","__export__.groupe_cayla_sujet_devis_1_b9ef33ca","__export__.groupe_cayla_type_client_3_abb891b2","__export__.groupe_cayla_zone_habitation_1_2c5c6c03"
"__export__.groupe_cayla_tarif_prime_cee_39_3728b824","__export__.groupe_cayla_convention_1_d9f5e784","11.2","","__export__.groupe_cayla_sujet_devis_1_b9ef33ca","__export__.groupe_cayla_type_client_3_abb891b2","__export__.groupe_cayla_zone_habitation_2_0712dfc1"
"__export__.groupe_cayla_tarif_prime_cee_40_5f5198dc","__export__.groupe_cayla_convention_1_d9f5e784","13.6","","__export__.groupe_cayla_sujet_devis_3_3c2a4242","__export__.groupe_cayla_type_client_3_abb891b2","__export__.groupe_cayla_zone_habitation_1_2c5c6c03"
"__export__.groupe_cayla_tarif_prime_cee_41_0db62111","__export__.groupe_cayla_convention_1_d9f5e784","11.2","","__export__.groupe_cayla_sujet_devis_3_3c2a4242","__export__.groupe_cayla_type_client_3_abb891b2","__export__.groupe_cayla_zone_habitation_2_0712dfc1"
